,Date,All_pairs_count,Internal_pairs_count,Pairs_ratio,All_src_add_count,All_dst_add_count,All_src_ports_count,All_dst_ports_count,Ports_ratio,All_packets_sum,Internal_packets_sum,All_packets_count,All_small_packet_count,Internal_packets_count,ARP_count,Internal_TCP_count,SSH_count,HTTP_5xx_count,HTTP_4xx_count,Other_HTTP_count,Dst_src_address_ratio,Packet_count_ratio,Packet_sum_ratio,Small_packet_ratio,ARP_packet_ratio,TCP_packet_ratio,SSH_packet_ratio,All_packets_mean,Internal_packets_mean,Avg_packet_count_per_src_add,Avg_packet_count_per_dst_add,Avg_packet_count_per_src_port,Avg_packet_count_per_dst_port,Avg_packet_count_per_pair,Top_5_protocols,Top_5_internal_protocols,class
0,2022-04-29 16:26,95,35,0.368421053,47,36,45,41,0.911111111,4684224,30226,4687,1018,499,394,,,,,,0.765957447,0.10646469,0.006452723,0.217196501,0.0840623,,,999.4077235,60.57314629,19.96,38.38461538,,,14.25714286,"['UDP','ARP','GQUIC','ICMP','DATA']","['ARP','ICMP']",ARP_spoofing
1,2022-04-29 16:26,118,54,0.457627119,46,37,26,22,0.846153846,4162695,39504,4383,1186,645,469,,,,,,0.804347826,0.14715948,0.009490006,0.270590919,0.107004335,,,949.7364819,61.24651163,26.875,49.61538462,,,11.94444444,"['UDP','ARP','ICMP','DATA','GQUIC']","['ARP','ICMP']",ARP_spoofing
2,2022-04-29 16:27,104,48,0.461538462,37,33,24,21,0.875,4095466,53012,4584,1476,863,709,,,,,,0.891891892,0.188263525,0.01294407,0.321989529,0.154668412,,,893.4262653,61.42757822,47.94444444,66.38461538,,,17.97916667,"['UDP','ARP','DATA','GQUIC','ICMP']","['ARP','ICMP']",ARP_spoofing
3,2022-04-29 16:28,97,49,0.505154639,36,29,20,17,0.85,4018643,46050,4470,1363,751,595,,,,,,0.805555556,0.168008949,0.011459092,0.3049217,0.13310962,,,899.0252796,61.31824234,39.52631579,57.76923077,,,15.32653061,"['UDP','ARP','DATA','GQUIC','ICMP']","['ARP','ICMP']",ARP_spoofing
4,2022-04-29 16:29,101,48,0.475247525,36,33,22,19,0.863636364,2879872,45430,3463,1238,741,587,,,,,,0.916666667,0.213976321,0.015775007,0.357493503,0.169506208,,,831.6118972,61.30904184,41.16666667,57,,,15.4375,"['UDP','ARP','DATA','GQUIC','ICMP']","['ARP','ICMP']",ARP_spoofing
5,2022-04-29 16:29,107,49,0.457943925,40,31,23,20,0.869565217,1888470,39602,2576,1056,647,491,,,,,,0.775,0.251164596,0.020970415,0.409937888,0.19060559,,,733.1017081,61.20865533,34.05263158,49.76923077,,,13.20408163,"['UDP','ARP','DATA','ICMP','GQUIC']","['ARP','ICMP']",ARP_spoofing
6,2022-06-07 17:22:30,118,56,0.4745762711864407,36,36,30,28,0.9333333333333333,2509604,66622,3941,1707,1084,890,,,,,,1.0,0.27505709210860185,0.026546817744950997,0.43313879725957877,0.22583100735853845,,,636.7937071809185,61.45940959409594,63.76470588235294,67.75,,,19.357142857142858,"['UDP','ARP','ICMP','GQUIC','TCP']","['ARP','ICMP']",ARP_spoofing
7,2022-04-29 16:30,121,48,0.396694215,45,40,30,26,0.866666667,2100994,40940,2909,1165,668,516,,,,,,0.888888889,0.229632176,0.019486015,0.400481265,0.177380543,,,722.2392575,61.28742515,37.11111111,51.38461538,,,13.91666667,"['UDP','ARP','GQUIC','DATA','ICMP']","['ARP','ICMP']",ARP_spoofing
8,2022-04-29 16:31,110,47,0.427272727,38,36,41,38,0.926829268,2115074,45298,3138,1263,738,584,,,,,,0.947368421,0.235181644,0.021416745,0.40248566,0.1861058,,,674.0197578,61.37940379,43.41176471,56.76923077,,,15.70212766,"['UDP','ARP','GQUIC','DATA','ICMP']","['ARP','ICMP']",ARP_spoofing
10,2022-04-29 16:12,70,8,0.114285714,33,27,35,32,0.914285714,4309712,133983,4113,735,422,16,374,,,,5,0.818181818,0.102601507,0.03108862,0.178701678,0.003890105,0.886255924,,1047.82689,317.4952607,52.75,105.5,45.11111111,45.11111111,52.75,"['UDP','TCP','GQUIC','TLS','HTTP']","['TCP','HTTP','ARP','JSON','NBNS']",docker_commands
11,2022-04-29 16:12,77,10,0.12987013,34,31,35,32,0.914285714,4341436,126170,4081,705,408,30,348,,,,4,0.911764706,0.099975496,0.029061813,0.172751777,0.007351139,0.852941176,,1063.816712,309.2401961,40.8,81.6,54,54,40.8,"['UDP','TCP','GQUIC','ARP','HTTP']","['TCP','ARP','HTTP','JSON','NBNS']",docker_commands
12,2022-04-29 16:13,66,7,0.106060606,29,24,30,28,0.933333333,4443699,134524,4273,811,526,22,480,,,,4,0.827586207,0.123098526,0.030272978,0.189796396,0.005148608,0.912547529,,1039.94828,255.7490494,75.14285714,175.3333333,84,84,75.14285714,"['UDP','TCP','GQUIC','ARP','HTTP']","['TCP','ARP','HTTP','JSON']",docker_commands
13,2022-04-29 16:13,54,7,0.12962963,26,24,27,24,0.888888889,4553541,127638,4116,646,424,18,380,,,,4,0.923076923,0.103012634,0.028030493,0.156948494,0.004373178,0.896226415,,1106.302478,301.0330189,60.57142857,106,58,58,60.57142857,"['UDP','TCP','GQUIC','ARP','HTTP']","['TCP','ARP','HTTP','JSON','BROWSER']",docker_commands
14,2022-04-29 16:14,71,7,0.098591549,33,30,39,35,0.897435897,4188620,128932,3972,709,451,35,392,,,,4,0.909090909,0.113544814,0.030781498,0.178499496,0.008811682,0.869179601,,1054.536757,285.8802661,64.42857143,150.3333333,69.33333333,69.33333333,64.42857143,"['UDP','TCP','GQUIC','ARP','TLS']","['TCP','ARP','HTTP','JSON']",docker_commands
15,2022-04-29 16:14,82,7,0.085365854,34,29,35,32,0.914285714,4264305,127866,4130,754,434,20,390,,,,4,0.852941176,0.105084746,0.029985191,0.182566586,0.004842615,0.898617512,,1032.51937,294.6221198,62,144.6666667,69,69,62,"['UDP','TCP','GQUIC','TLS','ARP']","['TCP','ARP','HTTP','JSON']",docker_commands
16,2022-04-29 16:15,65,7,0.107692308,30,27,29,27,0.931034483,4154483,130570,3901,690,461,17,416,,,,4,0.9,0.118174827,0.0314287,0.176877724,0.004357857,0.902386117,,1064.97898,283.2321041,65.85714286,115.25,63.42857143,63.42857143,65.85714286,"['UDP','TCP','GQUIC','TLS','ARP']","['TCP','ARP','HTTP','JSON','BROWSER']",docker_commands
17,2022-04-29 16:15,69,6,0.086956522,31,28,41,39,0.951219512,3837714,130884,3817,767,477,19,434,,,,4,0.903225806,0.124967252,0.034104678,0.200943149,0.004977731,0.909853249,,1005.426775,274.3899371,79.5,159,76.33333333,76.33333333,79.5,"['UDP','TCP','GQUIC','ARP','DNS']","['TCP','ARP','HTTP','JSON']",docker_commands
18,2022-04-29 16:16,62,8,0.129032258,30,25,46,43,0.934782609,4257654,124672,3971,627,388,28,336,,,,4,0.833333333,0.097708386,0.029281853,0.157894737,0.007051121,0.865979381,,1072.186855,321.3195876,48.5,129.3333333,60,60,48.5,"['UDP','TCP','GQUIC','DNS','ARP']","['TCP','ARP','HTTP','JSON']",docker_commands
21,2022-04-27 15:09,67,11,0.164179104,32,26,32,30,0.9375,4419578,9806,4719,965,132,21,97,,,,,0.8125,0.027972028,0.002218764,0.204492477,0.004450095,0.734848485,,936.5496927,74.28787879,13.2,33,15.85714286,15.85714286,12,"['TCP','TLS','ARP','STP','FTP']","['TCP','ARP','FTP','NBNS','UDP']",exploit
22,2022-04-27 15:12,71,6,0.084507042,31,28,31,29,0.935483871,3953714,9452,4294,934,128,15,105,,,,,0.903225806,0.029809036,0.002390664,0.217512809,0.003493246,0.8203125,,920.7531439,73.84375,21.33333333,32,18.83333333,18.83333333,21.33333333,"['TCP','TLS','STP','ARP','FTP']","['TCP','ARP','FTP','UDP']",exploit
23,2022-04-27 15:13,80,7,0.0875,40,33,39,37,0.948717949,4374647,7990,4697,985,106,19,82,,,,,0.825,0.022567596,0.001826433,0.209708324,0.004045135,0.773584906,,931.3704492,75.37735849,15.14285714,26.5,14.5,14.5,15.14285714,"['TCP','TLS','ARP','STP','MDNS']","['TCP','ARP','FTP','UDP']",exploit
25,2022-04-27 15:18,80,8,0.1,37,31,39,36,0.923076923,2613207,9842,3006,680,136,31,97,,,,,0.837837838,0.045242848,0.003766253,0.226214238,0.010312708,0.713235294,,869.3303393,72.36764706,17,34,17.5,17.5,17,"['TCP','TLS','ARP','STP','DNS']","['TCP','ARP','FTP','UDP']",exploit
26,2022-04-29 17:00,72,7,0.097222222,32,30,33,30,0.909090909,4575051,8693,4019,486,115,16,91,,,,,0.9375,0.028614083,0.001900088,0.120925603,0.00398109,0.791304348,,1138.355561,75.59130435,16.42857143,28.75,16.5,16.5,16.42857143,"['UDP','TCP','TLS','ARP','STP']","['TCP','ARP','FTP','BROWSER']",exploit
27,2022-04-29 17:04,68,7,0.102941176,31,27,31,27,0.870967742,4594910,9116,4086,523,125,21,97,,,,,0.870967742,0.030592266,0.001983934,0.127998042,0.005139501,0.776,,1124.549682,72.928,17.85714286,41.66666667,20.8,20.8,17.85714286,"['UDP','TCP','GQUIC','ARP','STP']","['TCP','ARP','FTP']",exploit
28,2022-04-29 17:06,67,7,0.104477612,32,27,52,49,0.942307692,3948579,9608,3651,523,130,20,103,,,,,0.84375,0.035606683,0.00243328,0.143248425,0.005477951,0.792307692,,1081.506163,73.90769231,18.57142857,43.33333333,22,22,18.57142857,"['UDP','TCP','GQUIC','DNS','ARP']","['TCP','ARP','FTP']",exploit
30,2022-04-29 16:50,73,7,0.095890411,33,30,33,31,0.939393939,3958446,9388,3596,505,129,25,97,,,,,0.909090909,0.035873192,0.002371638,0.140433815,0.006952169,0.751937984,,1100.791435,72.7751938,18.42857143,43,20.8,20.8,18.42857143,"['UDP','TCP','GQUIC','TLS','ARP']","['TCP','ARP','FTP']",exploit
31,2022-04-29 16:53,75,9,0.12,34,30,42,36,0.857142857,4238140,9838,4046,678,134,24,97,,,,,0.882352941,0.03311913,0.002321301,0.167572912,0.005931784,0.723880597,,1047.488878,73.41791045,16.75,33.5,18.33333333,18.33333333,14.88888889,"['UDP','TCP','GQUIC','ARP','DNS']","['TCP','ARP','FTP','NBNS']",exploit
33,2022-04-27 15:26,90,8,0.088888889,39,34,55,53,0.963636364,3658573,61918,4147,847,380,21,254,104,,,,0.871794872,0.091632505,0.016924085,0.204244032,0.005063902,0.668421053,0.02507837,882.221606,162.9421053,47.5,95,59.83333333,59.83333333,47.5,"['TCP','TLS','SSH','DNS','ARP']","['TCP','SSH','ARP','UDP']",hydra
35,2022-04-27 15:27,91,8,0.087912088,39,32,46,46,1,5152635,65404,5739,1237,421,22,290,108,,,,0.820512821,0.073357728,0.012693311,0.215542777,0.00383342,0.688836105,0.01881861,897.8280188,155.3539192,52.625,105.25,66.5,66.5,52.625,"['TCP','TLS','SSH','ARP','DNS']","['TCP','SSH','ARP','UDP']",hydra
36,2022-04-27 15:28,79,10,0.126582278,37,29,54,52,0.962962963,4836006,64904,5397,1134,414,29,276,108,,,,0.783783784,0.076709283,0.013420992,0.210116732,0.005373356,0.666666667,0.020011117,896.0544747,156.7729469,41.4,103.5,64.16666667,64.16666667,41.4,"['TCP','TLS','SSH','DNS','QUIC']","['TCP','SSH','ARP','UDP']",hydra
38,2022-04-29 16:37,76,8,0.105263158,34,29,41,37,0.902439024,1934513,77118,2336,554,488,28,338,122,,,,0.852941176,0.20890411,0.039864297,0.237157534,0.011986301,0.692622951,0.052226027,828.1305651,158.0286885,61,162.6666667,76.66666667,76.66666667,61,"['UDP','TCP','GQUIC','SSH','DNS']","['TCP','SSH','ARP']",hydra
39,2022-04-29 16:38,80,10,0.125,32,34,46,37,0.804347826,2041061,57816,2279,482,353,25,228,88,,,,1.0625,0.154892497,0.028326444,0.21149627,0.010969724,0.645892351,0.038613427,895.5949978,163.7847025,39.22222222,88.25,54.66666667,54.66666667,35.3,"['UDP','TCP','GQUIC','SSH','ARP']","['TCP','SSH','ARP','NBNS']",hydra
41,2022-04-29 16:39,61,8,0.131147541,30,25,31,29,0.935483871,3806727,64290,3677,569,405,23,274,108,,,,0.833333333,0.110144139,0.016888524,0.154745717,0.006255099,0.67654321,0.02937177,1035.280664,158.7407407,50.625,135,76.4,76.4,50.625,"['UDP','TCP','GQUIC','SSH','ARP']","['TCP','SSH','ARP']",hydra
44,2022-04-29 16:40,69,8,0.115942029,31,27,34,31,0.911764706,4118402,64914,3940,598,414,24,282,108,,,,0.870967742,0.105076142,0.015761939,0.15177665,0.006091371,0.68115942,0.027411168,1045.279695,156.7971014,51.75,138,78,78,51.75,"['UDP','TCP','GQUIC','SSH','ARP']","['TCP','SSH','ARP']",hydra
45,2022-04-29 16:41,66,9,0.136363636,33,26,49,46,0.93877551,4553173,59668,4334,608,368,38,234,96,,,,0.787878788,0.084910014,0.013104707,0.14028611,0.008767882,0.635869565,0.022150438,1050.570605,162.1413043,40.88888889,122.6666667,66,66,40.88888889,"['UDP','GQUIC','TCP','SSH','DNS']","['TCP','SSH','ARP']",hydra
47,2022-04-29 16:42,71,7,0.098591549,31,29,39,33,0.846153846,4181892,64258,4024,619,404,20,276,108,,,,0.935483871,0.100397614,0.015365772,0.153827038,0.004970179,0.683168317,0.026838966,1039.237575,159.0544554,57.71428571,134.6666667,76.8,76.8,57.71428571,"['UDP','TCP','GQUIC','SSH','DNS']","['TCP','SSH','ARP']",hydra
49,2022-04-27 14:45,72,9,0.125,33,28,2053,2049,0.998051632,4436681,453140,9342,5803,5225,32,5110,1,,8,,0.848484848,0.559302077,0.102134907,0.621173196,0.003425391,0.977990431,0.000107043,474.9176836,86.72535885,580.5555556,1306.25,2.570792079,2.570792079,580.5555556,"['TCP','TLS','DNS','ARP','HTTP']","['TCP','ARP','HTTP','RPC','PORTMAP']",nmap_sV
50,2022-04-27 14:47,67,8,0.119402985,32,26,1996,1992,0.997995992,5566771,284402,9410,5038,4107,34,4067,0,,0,,0.8125,0.436450584,0.051089222,0.535387885,0.003613177,0.990260531,0,591.5803401,69.24811298,513.375,1026.75,2.063323202,2.063323202,513.375,"['TCP','TLS','ARP','STP','UDP']","['TCP','ARP','SMB','NBSS','UDP']",nmap_sV
51,2022-04-27 14:48,91,8,0.087912088,36,33,2014,2009,0.997517378,4817407,288974,8894,5013,4141,29,4103,1,,2,,0.916666667,0.465594783,0.059985382,0.563638408,0.003260625,0.990823473,0.000112435,541.6468406,69.78362714,517.625,1035.25,2.088369731,2.088369731,517.625,"['TCP','TLS','DNS','ARP','STP']","['TCP','ARP','HTTP','NBNS','SSH']",nmap_sV
52,2022-04-27 14:49,79,11,0.139240506,34,28,2056,2052,0.998054475,5759044,454132,10597,6021,5236,27,5118,1,,8,,0.823529412,0.494102104,0.078855449,0.568179673,0.002547891,0.977463713,9.44E-05,543.4598471,86.73262032,523.6,1309,2.582548339,2.582548339,476,"['TCP','TLS','DNS','HTTP','ARP']","['TCP','HTTP','ARP','RPC','PORTMAP']",nmap_sV
53,2022-04-29 15:59,72,10,0.138888889,33,25,2053,2049,0.998051632,4449800,452372,8695,5423,5213,27,5098,1,,8,,0.757575758,0.599539965,0.101661198,0.623691777,0.003105233,0.977939766,0.000115009,511.7653824,86.77767121,521.3,1303.25,2.566056408,2.566056408,521.3,"['TCP','UDP','GQUIC','DNS','HTTP']","['TCP','HTTP','ARP','RPC','PORTMAP']",nmap_sV
54,2022-04-29 16:01,74,7,0.094594595,32,28,2945,2941,0.998641766,4459526,637098,12283,9192,8913,45,8812,2,,28,1,0.875,0.725637059,0.142862268,0.74835138,0.0036636,0.988668237,0.000162827,363.0648864,71.47963649,1273.285714,2971,3.04742268,3.04742268,1273.285714,"['TCP','UDP','GQUIC','DNS','ARP']","['TCP','ARP','HTTP','JSON','PORTMAP']",nmap_sV
55,2022-04-29 16:02,90,10,0.111111111,36,35,2064,2056,0.996124031,4390309,454606,8766,5504,5242,30,5118,1,,8,0,0.972222222,0.597992243,0.103547609,0.627880447,0.003422313,0.976344907,0.000114077,500.8337896,86.72376955,582.4444444,1310.5,2.576371725,2.576371725,524.2,"['TCP','UDP','GQUIC','DNS','HTTP']","['TCP','HTTP','ARP','NBNS','RPC']",nmap_sV
56,2022-04-29 16:03,70,7,0.1,28,28,2033,2028,0.99754058,4577359,356480,8510,5154,4834,8,4765,1,,28,1,1,0.568037603,0.077878969,0.605640423,0.000940071,0.985726107,0.000117509,537.8800235,73.74431113,690.5714286,1208.5,2.403386454,2.403386454,690.5714286,"['TCP','UDP','GQUIC','HTTP','STP']","['TCP','HTTP','ARP','BROWSER','JSON']",nmap_sV
57,2022-04-29 16:03,71,7,0.098591549,31,28,2050,2045,0.997560976,4538497,452590,8758,5440,5215,27,5104,1,,8,,0.903225806,0.595455583,0.099722441,0.62114638,0.003082896,0.978715244,0.000114181,518.211578,86.78619367,745,1738.333333,2.569588905,2.569588905,745,"['TCP','UDP','GQUIC','DNS','HTTP']","['TCP','HTTP','ARP','RPC','PORTMAP']",nmap_sV
58,2022-04-27 13:36,74,5,0.067567568,33,28,30,28,0.933333333,6373517,1512,5790,837,24,21,,,,,,0.848484848,0.004145078,0.000237232,0.144559585,0.003626943,,,1100.780138,63,4.8,12,3,3,4.8,"['TCP','TLS','ARP','STP','UDP']","['ARP','UDP']",regular_traffic
59,2022-04-27 13:36,86,7,0.081395349,41,34,37,35,0.945945946,5327650,1992,5163,872,32,31,,,,,,0.829268293,0.006197947,0.000373898,0.168894054,0.006004261,,,1031.890374,62.25,4.571428571,16,1,1,4.571428571,"['TCP','TLS','ARP','MDNS','DNS']","['ARP','UDP']",regular_traffic
60,2022-04-27 13:37,71,8,0.112676056,33,26,34,29,0.852941176,5600349,3510,5321,875,53,46,,,,,,0.787878788,0.009960534,0.000626747,0.164442774,0.008644992,,,1052.499342,66.22641509,6.625,26.5,3.5,3.5,6.625,"['TCP','TLS','ARP','MDNS','STP']","['ARP','NBNS','UDP']",regular_traffic
61,2022-04-27 13:37,82,8,0.097560976,37,29,40,37,0.925,6732798,1972,6485,1048,31,27,,,,,,0.783783784,0.004780262,0.000292895,0.161603701,0.004163454,,,1038.210948,63.61290323,3.875,15.5,2,2,3.875,"['TCP','TLS','ARP','DNS','STP']","['ARP','NBNS','UDP']",regular_traffic
62,2022-04-27 13:38,100,9,0.09,40,34,70,68,0.971428571,5370820,1948,5894,1186,28,21,,,,,,0.85,0.004750594,0.000362701,0.201221581,0.003562945,,,911.2351544,69.57142857,3.111111111,9.333333333,3.5,3.5,3.111111111,"['TCP','TLS','QUIC','DNS','ARP']","['ARP','NBNS','UDP']",regular_traffic
63,2022-04-27 13:38,78,6,0.076923077,36,29,32,30,0.9375,4995083,1248,4958,927,20,19,,,,,,0.805555556,0.004033885,0.000249846,0.186970553,0.00383219,,,1007.479427,62.4,3.333333333,10,1,1,3.333333333,"['TCP','TLS','ARP','STP','DNS']","['ARP','UDP']",regular_traffic
64,2022-04-27 13:39,72,6,0.083333333,31,27,30,27,0.9,4803530,1408,4741,842,15,12,,,,,,0.870967742,0.003163889,0.000293118,0.177599663,0.002531112,,,1013.189201,93.86666667,2.5,7.5,1.5,1.5,2.5,"['TCP','TLS','STP','ARP','MDNS']","['ARP','BROWSER','UDP']",regular_traffic
65,2022-04-27 13:39,66,6,0.090909091,32,26,30,28,0.933333333,4988795,1186,4807,814,19,18,,,,,,0.8125,0.003952569,0.000237733,0.169336384,0.003744539,,,1037.818806,62.42105263,3.166666667,9.5,1,1,3.166666667,"['TCP','TLS','ARP','STP','MDNS']","['ARP','UDP']",regular_traffic
66,2022-04-27 13:40,59,5,0.084745763,28,24,25,22,0.88,4638252,1390,4561,840,22,21,,,,,,0.857142857,0.004823504,0.000299682,0.184170138,0.004604253,,,1016.937514,63.18181818,4.4,11,1,1,4.4,"['TCP','TLS','ARP','STP','UDP']","['ARP','UDP']",regular_traffic
67,2022-04-27 13:40,68,5,0.073529412,29,25,31,28,0.903225806,5330148,2240,5089,862,36,35,,,,,,0.862068966,0.007074081,0.000420251,0.169384948,0.006877579,,,1047.386127,62.22222222,7.2,18,1,1,7.2,"['TCP','TLS','ARP','STP','DNS']","['ARP','UDP']",regular_traffic
68,2022-04-27 13:41,65,4,0.061538462,27,26,31,27,0.870967742,4955198,1018,4956,912,16,15,,,,,,0.962962963,0.00322841,0.000205441,0.18401937,0.003026634,,,999.8381759,63.625,4,8,1,1,4,"['TCP','TLS','QUIC','STP','ARP']","['ARP','UDP']",regular_traffic
69,2022-04-27 13:41,85,8,0.094117647,43,34,51,45,0.882352941,5035273,2964,4954,890,38,25,,,,,,0.790697674,0.007670569,0.000588647,0.179652806,0.005046427,,,1016.405531,78,4.75,19,6.5,6.5,4.75,"['TCP','TLS','DNS','ARP','MDNS']","['ARP','NBNS','UDP']",regular_traffic
70,2022-04-27 13:42,79,2,0.025316456,33,28,32,37,1.15625,4937646,832,4855,829,13,12,,,,,,0.848484848,0.002677652,0.000168501,0.170751802,0.002471679,,,1017.022863,64,6.5,6.5,1,1,6.5,"['TCP','TLS','MDNS','STP','ARP']","['ARP','UDP']",regular_traffic
71,2022-04-27 13:42,90,10,0.111111111,43,31,34,35,1.029411765,4885936,4234,4781,880,55,36,,,,,,0.720930233,0.011503869,0.000866569,0.184061912,0.007529805,,,1021.948546,76.98181818,5.5,27.5,9.5,9.5,5.5,"['TCP','TLS','ARP','MDNS','NBNS']","['ARP','NBNS','UDP']",regular_traffic
72,2022-04-27 13:43,89,9,0.101123596,39,32,51,48,0.941176471,4771293,2400,4762,845,35,28,,,,,,0.820512821,0.007349853,0.000503008,0.177446451,0.005879882,,,1001.951491,68.57142857,3.888888889,11.66666667,3.5,3.5,3.888888889,"['TCP','TLS','DNS','ARP','STP']","['ARP','NBNS','UDP']",regular_traffic
73,2022-04-27 13:43,77,5,0.064935065,36,32,34,32,0.941176471,4881646,1124,4842,896,18,17,,,,,,0.888888889,0.003717472,0.00023025,0.185047501,0.003510946,,,1008.187939,62.44444444,3.6,9,1,1,3.6,"['TCP','TLS','ARP','STP','DNS']","['ARP','UDP']",regular_traffic
74,2022-04-27 13:44,55,4,0.072727273,25,22,23,21,0.913043478,4722905,1886,4496,746,30,29,,,,,,0.88,0.006672598,0.00039933,0.165925267,0.006450178,,,1050.468194,62.86666667,7.5,15,1,1,7.5,"['TCP','TLS','ARP','STP','UDP']","['ARP','UDP']",regular_traffic
75,2022-04-27 13:44,77,5,0.064935065,34,31,36,34,0.944444444,5113892,938,4940,854,15,14,,,,,,0.911764706,0.003036437,0.000183422,0.172874494,0.002834008,,,1035.20081,62.53333333,3,7.5,1,1,3,"['TCP','TLS','STP','ARP','MDNS']","['ARP','UDP']",regular_traffic
76,2022-04-27 13:45,78,5,0.064102564,33,28,33,29,0.878787879,4451093,1266,4500,880,20,19,,,,,,0.848484848,0.004444444,0.000284425,0.195555556,0.004222222,,,989.1317778,63.3,4,10,1,1,4,"['TCP','TLS','MDNS','ARP','STP']","['ARP','UDP']",regular_traffic
77,2022-04-27 13:45,79,7,0.088607595,34,29,39,34,0.871794872,4983670,2438,5059,996,33,20,,,,,,0.852941176,0.006523028,0.000489198,0.196876853,0.00395335,,,985.1097055,73.87878788,4.714285714,16.5,6.5,6.5,4.714285714,"['TCP','TLS','ARP','MDNS','STP']","['ARP','NBNS','UDP']",regular_traffic
78,2022-04-27 13:46,59,3,0.050847458,27,24,33,28,0.848484848,4610119,1408,4483,834,15,12,,,,,,0.888888889,0.003345974,0.000305415,0.186036137,0.002676779,,,1028.355789,93.86666667,5,7.5,1.5,1.5,5,"['TCP','TLS','STP','ARP','GQUIC']","['ARP','BROWSER','UDP']",regular_traffic
79,2022-04-27 13:46,69,8,0.115942029,32,26,36,33,0.916666667,4545110,2828,4503,838,31,23,,,,,,0.8125,0.006884299,0.000622207,0.186098157,0.005107706,,,1009.351543,91.22580645,3.875,15.5,2.666666667,2.666666667,3.875,"['TCP','TLS','ARP','DNS','STP']","['ARP','BROWSER','NBNS','UDP']",regular_traffic
80,2022-04-27 13:47,82,5,0.06097561,34,29,34,29,0.852941176,4121808,1576,4015,701,25,24,,,,,,0.852941176,0.00622665,0.000382356,0.174595268,0.005977584,,,1026.602242,63.04,5,12.5,1,1,5,"['TCP','TLS','ARP','STP','GQUIC']","['ARP','UDP']",regular_traffic
81,2022-04-27 13:47,102,8,0.078431373,42,35,49,44,0.897959184,4649673,2082,4697,902,31,26,,,,,,0.833333333,0.006599957,0.000447773,0.192037471,0.005535448,,,989.923994,67.16129032,3.875,15.5,2.5,2.5,3.875,"['TCP','TLS','MDNS','ARP','DNS']","['ARP','NBNS','UDP']",regular_traffic
82,2022-04-27 13:48,91,6,0.065934066,39,31,51,46,0.901960784,4656821,2198,4731,923,34,31,,,,,,0.794871795,0.007186641,0.000471996,0.195096174,0.006552526,,,984.320651,64.64705882,5.666666667,17,1.5,1.5,5.666666667,"['TCP','TLS','DNS','ARP','MDNS']","['ARP','NBNS','UDP']",regular_traffic
83,2022-04-27 13:48,81,12,0.148148148,43,29,32,29,0.90625,5694958,4316,5497,960,60,41,,,,,,0.674418605,0.010915045,0.000757863,0.174640713,0.007458614,,,1036.012007,71.93333333,5,20,9.5,9.5,5,"['TCP','TLS','ARP','MDNS','NBNS']","['ARP','NBNS','UDP']",regular_traffic
84,2022-04-27 13:49,64,5,0.078125,28,25,27,25,0.925925926,4224619,1080,4040,682,17,16,,,,,,0.892857143,0.004207921,0.000255644,0.168811881,0.003960396,,,1045.697772,63.52941176,3.4,8.5,1,1,3.4,"['TCP','TLS','ARP','STP','UDP']","['ARP','UDP']",regular_traffic
85,2022-04-27 13:49,77,6,0.077922078,36,30,34,31,0.911764706,5081255,1576,4936,851,23,17,,,,,,0.833333333,0.004659643,0.00031016,0.172406807,0.003444084,,,1029.427674,68.52173913,3.833333333,11.5,3,3,3.833333333,"['TCP','TLS','ARP','STP','MDNS']","['ARP','NBNS','UDP']",regular_traffic
86,2022-04-27 13:50,83,8,0.096385542,39,28,34,32,0.941176471,4923013,4160,4835,874,52,22,,,,,,0.717948718,0.010754912,0.000845011,0.180765253,0.004550155,,,1018.203309,80,6.5,26,15,15,6.5,"['TCP','TLS','NBNS','MDNS','ARP']","['NBNS','ARP','UDP']",regular_traffic
87,2022-04-27 13:50,76,8,0.105263158,38,26,31,27,0.870967742,4806341,3348,4683,839,42,18,,,,,,0.684210526,0.00896861,0.00069658,0.179158659,0.00384369,,,1026.338031,79.71428571,5.25,21,12,12,5.25,"['TCP','TLS','MDNS','NBNS','ARP']","['NBNS','ARP','UDP']",regular_traffic
88,2022-04-27 13:51,74,4,0.054054054,32,29,41,32,0.780487805,4651538,3118,4659,897,38,14,,,,,,0.90625,0.008156257,0.000670316,0.192530586,0.003004937,,,998.3983687,82.05263158,9.5,19,12,12,9.5,"['TCP','TLS','MDNS','NBNS','LLMNR']","['NBNS','ARP','UDP']",regular_traffic
89,2022-04-27 13:51,71,7,0.098591549,34,28,39,29,0.743589744,4657119,3376,4551,830,44,23,,,,,,0.823529412,0.009668205,0.000724912,0.182377499,0.005053834,,,1023.317732,76.72727273,6.285714286,22,10.5,10.5,6.285714286,"['TCP','TLS','MDNS','ARP','NBNS']","['ARP','NBNS','UDP']",regular_traffic
90,2022-04-27 13:52,75,8,0.106666667,35,24,27,25,0.925925926,5488395,2412,5502,1077,37,32,,,,,,0.685714286,0.006724827,0.000439473,0.195747001,0.005816067,,,997.5272628,65.18918919,4.625,18.5,2.5,2.5,4.625,"['TCP','TLS','ARP','STP','MDNS']","['ARP','NBNS','UDP']",regular_traffic
91,2022-04-27 13:52,66,8,0.121212121,32,25,30,26,0.866666667,5482122,2720,5249,914,44,43,,,,,,0.78125,0.008382549,0.000496158,0.174128405,0.008192037,,,1044.41265,61.81818182,5.5,22,1,1,5.5,"['TCP','TLS','ARP','STP','MDNS']","['ARP','UDP']",regular_traffic
92,2022-04-27 13:53,67,11,0.164179104,33,26,44,38,0.863636364,4385591,2870,4270,744,40,27,,,,,,0.787878788,0.009367681,0.000654416,0.174238876,0.006323185,,,1027.070492,71.75,3.636363636,13.33333333,6.5,6.5,3.636363636,"['TCP','TLS','DNS','MDNS','ARP']","['ARP','NBNS','UDP']",regular_traffic
93,2022-04-27 13:53,85,7,0.082352941,43,36,38,35,0.921052632,4870704,2080,4790,912,34,33,,,,,,0.837209302,0.007098121,0.000427043,0.19039666,0.006889353,,,1016.848434,61.17647059,4.857142857,17,1,1,4.857142857,"['TCP','TLS','ARP','STP','DNS']","['ARP','UDP']",regular_traffic
94,2022-04-27 13:54,70,7,0.1,30,24,31,29,0.935483871,5117762,2098,5040,918,27,24,,,,,,0.8,0.005357143,0.000409945,0.182142857,0.004761905,,,1015.428968,77.7037037,3.857142857,13.5,1.5,1.5,3.857142857,"['TCP','TLS','ARP','STP','DNS']","['ARP','BROWSER','UDP']",regular_traffic
95,2022-04-27 13:54,75,5,0.066666667,32,29,34,30,0.882352941,4370826,1230,4232,739,20,19,,,,,,0.90625,0.004725898,0.000281411,0.174621928,0.004489603,,,1032.803875,61.5,4,10,1,1,4,"['TCP','TLS','ARP','STP','GQUIC']","['ARP','UDP']",regular_traffic
96,2022-04-27 13:55,56,6,0.107142857,27,21,24,22,0.916666667,4741661,1248,4639,821,20,19,,,,,,0.777777778,0.004311274,0.000263199,0.176977797,0.00409571,,,1022.129985,62.4,3.333333333,10,1,1,3.333333333,"['TCP','TLS','ARP','STP','MDNS']","['ARP','UDP']",regular_traffic
97,2022-04-27 13:56,82,10,0.12195122,44,33,37,34,0.918918919,5525368,4952,5439,1012,63,29,,,,,,0.75,0.011583012,0.00089623,0.186063615,0.005331862,,,1015.87939,78.6031746,6.3,31.5,17,17,6.3,"['TCP','TLS','NBNS','ARP','MDNS']","['NBNS','ARP','UDP']",regular_traffic
98,2022-04-27 13:57,71,4,0.056338028,31,29,29,28,0.965517241,4718520,2426,4680,861,39,38,,,,,,0.935483871,0.008333333,0.000514144,0.183974359,0.008119658,,,1008.230769,62.20512821,9.75,19.5,1,1,9.75,"['TCP','TLS','ARP','STP','DNS']","['ARP','UDP']",regular_traffic
99,2022-04-27 13:57,89,9,0.101123596,41,31,37,35,0.945945946,4919755,2394,4911,924,37,28,,,,,,0.756097561,0.007534107,0.00048661,0.188149053,0.005701486,,,1001.782733,64.7027027,4.111111111,18.5,3,2.25,4.111111111,"['TCP','TLS','MDNS','ARP','STP']","['ARP','BJNP','NBNS','UDP']",regular_traffic
100,2022-04-27 13:58,69,10,0.144927536,34,25,43,40,0.930232558,5215420,2516,5020,831,38,33,,,,,,0.735294118,0.007569721,0.000482416,0.165537849,0.006573705,,,1038.928287,66.21052632,3.8,19,2.5,2.5,3.8,"['TCP','TLS','DNS','ARP','MDNS']","['ARP','NBNS','UDP']",regular_traffic
101,2022-04-27 13:58,82,10,0.12195122,37,31,39,33,0.846153846,3832113,3562,3822,726,38,21,,,,,,0.837837838,0.009942439,0.000929513,0.189952904,0.005494505,,,1002.645997,93.73684211,4.222222222,12.66666667,5.666666667,5.666666667,3.8,"['TCP','TLS','MDNS','ARP','STP']","['ARP','NBNS','BROWSER','UDP']",regular_traffic
102,2022-04-27 13:59,76,7,0.092105263,37,27,30,27,0.9,4378247,1480,4335,806,23,20,,,,,,0.72972973,0.005305652,0.000338035,0.185928489,0.00461361,,,1009.97624,64.34782609,3.285714286,11.5,1.5,1.5,3.285714286,"['TCP','TLS','ARP','STP','MDNS']","['ARP','NBNS','UDP']",regular_traffic
103,2022-04-27 13:59,93,8,0.086021505,39,32,36,34,0.944444444,4923102,1770,4829,863,29,28,,,,,,0.820512821,0.006005384,0.000359529,0.178711949,0.005798302,,,1019.48685,61.03448276,3.625,14.5,1,1,3.625,"['TCP','TLS','ARP','STP','DNS']","['ARP','UDP']",regular_traffic
104,2022-04-27 14:00,59,6,0.101694915,26,24,26,24,0.923076923,4552101,1416,4390,778,23,22,,,,,,0.923076923,0.00523918,0.000311065,0.177220957,0.00501139,,,1036.925057,61.56521739,3.833333333,11.5,1,1,3.833333333,"['TCP','TLS','ARP','STP','UDP']","['ARP','UDP']",regular_traffic
105,2022-04-27 14:00,76,6,0.078947368,32,26,33,31,0.939393939,5184142,1044,5173,1006,17,16,,,,,,0.8125,0.003286294,0.000201383,0.194471293,0.003092983,,,1002.153876,61.41176471,2.833333333,8.5,1,1,2.833333333,"['TCP','TLS','ARP','STP','DNS']","['ARP','UDP']",regular_traffic
106,2022-04-27 14:01,61,5,0.081967213,29,25,28,26,0.928571429,4618969,954,4363,702,14,10,,,,,,0.862068966,0.003208801,0.00020654,0.160898464,0.002292001,,,1058.668118,68.14285714,2.8,7,2,2,2.8,"['TCP','TLS','STP','ARP','MDNS']","['ARP','NBNS','UDP']",regular_traffic
107,2022-04-27 14:01,68,6,0.088235294,32,27,34,30,0.882352941,4518091,1788,4557,868,29,28,,,,,,0.84375,0.006363836,0.000395742,0.19047619,0.006144393,,,991.4617073,61.65517241,4.833333333,14.5,1,1,4.833333333,"['TCP','TLS','ARP','STP','MDNS']","['ARP','UDP']",regular_traffic
108,2022-04-27 14:02,73,6,0.082191781,31,26,30,27,0.9,5058763,2346,5008,929,38,37,,,,,,0.838709677,0.007587859,0.00046375,0.185503195,0.007388179,,,1010.136382,61.73684211,6.333333333,19,1,1,6.333333333,"['TCP','TLS','ARP','STP','UDP']","['ARP','UDP']",regular_traffic
109,2022-04-27 14:02,81,6,0.074074074,35,29,48,44,0.916666667,6632180,1416,7249,1503,23,22,,,,,,0.828571429,0.003172851,0.000213504,0.207338943,0.003034901,,,914.9096427,61.56521739,3.833333333,11.5,1,1,3.833333333,"['TCP','TLS','QUIC','DNS','ARP']","['ARP','UDP']",regular_traffic
110,2022-04-27 14:03,90,12,0.133333333,39,31,54,49,0.907407407,4809396,6064,4908,917,71,31,,,,,,0.794871795,0.014466178,0.001260865,0.186837816,0.006316218,,,979.9095355,85.4084507,5.916666667,23.66666667,13.33333333,13.33333333,5.916666667,"['TCP','TLS','DNS','NBNS','ARP']","['NBNS','ARP','BROWSER','UDP']",regular_traffic
111,2022-04-27 14:03,91,9,0.098901099,40,32,45,33,0.733333333,4251030,7898,4337,878,99,41,,,,,,0.8,0.022826839,0.001857903,0.202444086,0.009453539,,,980.1775421,79.77777778,11,49.5,29,29,11,"['TCP','TLS','NBNS','MDNS','ARP']","['NBNS','ARP','UDP']",regular_traffic
112,2022-04-27 14:04,81,8,0.098765432,37,30,41,33,0.804878049,5567063,5336,5521,1070,63,17,,,,,,0.810810811,0.011410976,0.000958495,0.19380547,0.003079152,,,1008.343235,84.6984127,7.875,31.5,23,23,7.875,"['TCP','TLS','NBNS','MDNS','ARP']","['NBNS','ARP','UDP']",regular_traffic
113,2022-04-27 14:04,72,6,0.083333333,33,29,34,29,0.852941176,3524088,3780,3521,656,48,21,,,,,,0.878787879,0.013632491,0.001072618,0.186310707,0.005964215,,,1000.877024,78.75,8,24,13.5,13.5,8,"['TCP','TLS','NBNS','ARP','STP']","['NBNS','ARP','UDP']",regular_traffic
114,2022-04-27 14:05,54,7,0.12962963,26,21,28,21,0.75,4733429,3250,4675,882,43,24,,,,,,0.807692308,0.009197861,0.000686606,0.188663102,0.00513369,,,1012.498182,75.58139535,6.142857143,21.5,9.5,9.5,6.142857143,"['TCP','TLS','ARP','MDNS','NBNS']","['ARP','NBNS','UDP']",regular_traffic
115,2022-04-27 14:05,75,6,0.08,34,30,38,34,0.894736842,4903726,1230,4778,837,20,19,,,,,,0.882352941,0.004185852,0.00025083,0.175177899,0.003976559,,,1026.31352,61.5,3.333333333,10,1,1,3.333333333,"['TCP','TLS','ARP','STP','DNS']","['ARP','UDP']",regular_traffic
116,2022-04-27 14:06,93,5,0.053763441,35,31,55,52,0.945454545,19416557,902,16164,3159,15,14,,,,,,0.885714286,0.000927988,4.65E-05,0.195434298,0.000866122,,,1201.222284,60.13333333,3,7.5,1,1,3,"['TCP','TLS','QUIC','DNS','STP']","['ARP','UDP']",regular_traffic
117,2022-04-27 14:06,82,6,0.073170732,35,30,36,34,0.944444444,5091136,1230,4938,880,20,19,,,,,,0.857142857,0.004050223,0.000241596,0.178209802,0.003847712,,,1031.011746,61.5,3.333333333,10,1,1,3.333333333,"['TCP','TLS','ARP','STP','MDNS']","['ARP','UDP']",regular_traffic
118,2022-04-27 14:07,107,6,0.056074766,40,35,62,60,0.967741935,6155673,3408,7145,1758,53,49,,,,,,0.875,0.007417775,0.000553636,0.246046186,0.006857943,,,861.5357593,64.30188679,8.833333333,26.5,2,2,8.833333333,"['TCP','TLS','QUIC','ARP','DNS']","['ARP','NBNS','UDP']",regular_traffic
119,2022-04-27 14:07,108,6,0.055555556,40,34,57,54,0.947368421,13197823,1416,13348,2221,23,22,,,,,,0.85,0.001723105,0.00010729,0.166391969,0.001648187,,,988.749101,61.56521739,3.833333333,11.5,1,1,3.833333333,"['QUIC','TCP','TLS','DNS','ARP']","['ARP','UDP']",regular_traffic
120,2022-04-27 14:08,107,7,0.065420561,42,33,62,59,0.951612903,5440578,1460,5841,1110,24,23,,,,,,0.785714286,0.004108885,0.000268354,0.190035953,0.003937682,,,931.4463277,60.83333333,3.428571429,12,1,1,3.428571429,"['TCP','QUIC','TLS','DNS','ARP']","['ARP','UDP']",regular_traffic
121,2022-04-27 14:08,92,11,0.119565217,41,32,40,37,0.925,4970579,3248,4963,919,46,34,,,,,,0.780487805,0.009268588,0.000653445,0.18517026,0.006850695,,,1001.527101,70.60869565,4.181818182,15.33333333,6,6,4.181818182,"['TCP','TLS','ARP','DNS','STP']","['ARP','NBNS','UDP']",regular_traffic
122,2022-04-27 14:09,58,7,0.120689655,28,23,26,24,0.923076923,4819216,2074,4651,810,30,22,,,,,,0.821428571,0.006450226,0.00043036,0.174156095,0.004730166,,,1036.167706,69.13333333,4.285714286,15,4,4,4.285714286,"['TCP','TLS','ARP','STP','NBNS']","['ARP','NBNS','UDP']",regular_traffic
123,2022-04-27 14:09,82,5,0.06097561,35,30,35,33,0.942857143,3982002,1230,4050,770,20,19,,,,,,0.857142857,0.004938272,0.00030889,0.190123457,0.004691358,,,983.2103704,61.5,4,10,1,1,4,"['TCP','TLS','ARP','STP','DNS']","['ARP','UDP']",regular_traffic
124,2022-04-27 14:10,64,5,0.078125,27,25,27,24,0.888888889,4462388,1390,4367,783,22,21,,,,,,0.925925926,0.005037783,0.000311492,0.17929929,0.004808793,,,1021.842913,63.18181818,4.4,11,1,1,4.4,"['TCP','TLS','ARP','STP','UDP']","['ARP','UDP']",regular_traffic
125,2022-04-27 14:10,64,7,0.109375,30,23,29,26,0.896551724,4594431,2652,4524,822,30,25,,,,,,0.766666667,0.0066313,0.000577221,0.181697613,0.005526083,,,1015.568302,88.4,4.285714286,15,2.5,2.5,4.285714286,"['TCP','TLS','ARP','STP','BROWSER']","['ARP','BROWSER','UDP']",regular_traffic
126,2022-04-27 14:11,73,6,0.082191781,33,28,31,29,0.935483871,4769779,1496,4671,843,24,23,,,,,,0.848484848,0.005138086,0.000313641,0.180475273,0.004923999,,,1021.147292,62.33333333,4,12,1,1,4,"['TCP','TLS','ARP','STP','MDNS']","['ARP','UDP']",regular_traffic
127,2022-04-27 14:11,79,6,0.075949367,37,31,48,46,0.958333333,4694998,1150,4602,832,19,18,,,,,,0.837837838,0.00412864,0.000244942,0.18079096,0.003911343,,,1020.20817,60.52631579,3.166666667,9.5,1,1,3.166666667,"['TCP','TLS','DNS','ARP','STP']","['ARP','UDP']",regular_traffic
128,2022-04-27 14:12,85,5,0.058823529,34,29,31,29,0.935483871,4527282,858,4601,900,14,13,,,,,,0.852941176,0.003042817,0.000189518,0.19560965,0.002825473,,,983.9778309,61.28571429,2.8,7,1,1,2.8,"['TCP','TLS','STP','ARP','UDP']","['ARP','UDP']",regular_traffic
129,2022-04-27 14:12,77,6,0.077922078,33,29,37,34,0.918918919,4960101,3090,5011,998,50,49,,,,,,0.878787879,0.009978048,0.000622971,0.199161844,0.009778487,,,989.8425464,61.8,8.333333333,25,1,1,8.333333333,"['TCP','TLS','ARP','STP','UDP']","['ARP','UDP']",regular_traffic
130,2022-04-27 14:13,85,8,0.094117647,35,28,51,48,0.941176471,4698212,2364,4792,873,31,28,,,,,,0.8,0.006469115,0.00050317,0.182178631,0.005843072,,,980.4282137,76.25806452,3.875,15.5,1.5,1.5,3.875,"['TCP','TLS','DNS','ARP','STP']","['ARP','BROWSER','UDP']",regular_traffic
131,2022-04-27 14:13,83,10,0.120481928,41,33,36,34,0.944444444,4822483,2636,4720,836,39,32,,,,,,0.804878049,0.008262712,0.000546606,0.177118644,0.006779661,,,1021.7125,67.58974359,3.9,13,3.5,3.5,3.9,"['TCP','TLS','ARP','STP','DNS']","['ARP','NBNS','UDP']",regular_traffic
132,2022-04-27 14:14,67,5,0.074626866,28,24,32,30,0.9375,5206772,1336,5166,954,22,21,,,,,,0.857142857,0.004258614,0.000256589,0.18466899,0.004065041,,,1007.892373,60.72727273,4.4,11,1,1,4.4,"['TCP','TLS','ARP','STP','DNS']","['ARP','UDP']",regular_traffic
133,2022-04-27 14:14,73,6,0.082191781,34,30,35,31,0.885714286,4920723,1522,4917,922,25,24,,,,,,0.882352941,0.005084401,0.000309304,0.187512711,0.004881025,,,1000.757169,60.88,4.166666667,12.5,1,1,4.166666667,"['TCP','TLS','ARP','STP','GQUIC']","['ARP','UDP']",regular_traffic
134,2022-04-27 14:15,58,5,0.086206897,26,22,23,21,0.913043478,4359266,858,4252,751,14,13,,,,,,0.846153846,0.003292568,0.000196822,0.176622766,0.003057385,,,1025.227187,61.28571429,2.8,7,1,1,2.8,"['TCP','TLS','STP','ARP','SCTP']","['ARP','UDP']",regular_traffic
135,2022-04-27 14:15,87,5,0.057471264,36,31,38,36,0.947368421,3726790,592,3799,727,10,9,,,,,,0.861111111,0.002632272,0.00015885,0.191366149,0.002369044,,,980.9923664,59.2,2,5,1,1,2,"['TCP','TLS','STP','DNS','ARP']","['ARP','UDP']",regular_traffic
136,2022-04-27 14:16,73,5,0.068493151,33,28,34,32,0.941176471,4276282,362,4285,788,6,5,,,,,,0.848484848,0.001400233,8.47E-05,0.183897316,0.001166861,,,997.9654609,60.33333333,1.2,3,1,1,1.2,"['TCP','TLS','STP','DNS','MDNS']",,regular_traffic
137,2022-04-29 16:33,56,8,0.142857143,26,21,21,19,0.904761905,1999529,2415,1896,266,26,17,,,,,,0.807692308,0.01371308,0.001207784,0.140295359,0.008966245,,,1054.603903,92.88461538,3.25,8.666666667,4.5,4.5,3.25,"['UDP','GQUIC','ARP','STP','TCP']","['ARP','NBNS','BROWSER']",regular_traffic
138,2022-04-29 16:33,69,5,0.072463768,31,24,28,26,0.928571429,2266205,1514,2606,482,25,25,,,,,,0.774193548,0.009593246,0.000668077,0.18495779,0.009593246,,,869.6105142,60.56,5,25,,,5,"['UDP','QUIC','GQUIC','ARP','STP']",['ARP'],regular_traffic
139,2022-04-29 16:34,68,3,0.044117647,30,27,36,34,0.944444444,2014248,930,2054,321,15,15,,,,,,0.9,0.007302824,0.000461711,0.156280428,0.007302824,,,980.6465433,62,5,15,,,5,"['UDP','QUIC','GQUIC','TCP','DNS']",['ARP'],regular_traffic
140,2022-04-29 16:34,74,5,0.067567568,31,26,29,25,0.862068966,2000251,1284,1985,325,21,21,,,,,,0.838709677,0.010579345,0.000641919,0.16372796,0.010579345,,,1007.683123,61.14285714,4.2,21,,,4.2,"['UDP','GQUIC','TCP','ARP','STP']",['ARP'],regular_traffic
141,2022-04-27 14:17,120,7,0.058333333,49,41,57,54,0.947368421,3661598,1372,5047,1468,22,21,,,,,,0.836734694,0.004359025,0.0003747,0.290865861,0.004160888,,,725.4999009,62.36363636,3.142857143,11,1,1,3.142857143,"['TCP','TLS','DNS','ARP','STP']","['ARP','UDP']",regular_traffic
142,2022-04-27 14:18,87,6,0.068965517,35,30,56,50,0.892857143,3073530,2036,2897,577,33,28,,,,,,0.857142857,0.011391094,0.00066243,0.199171557,0.009665171,,,1060.93545,61.6969697,5.5,16.5,2.5,1.666666667,5.5,"['TCP','TLS','DNS','ARP','STP']","['ARP','BJNP','UDP']",regular_traffic
143,2022-04-27 14:18,83,10,0.120481928,40,31,36,33,0.916666667,3000879,4014,2677,559,61,54,,,,,,0.775,0.022786702,0.001337608,0.208815839,0.020171834,,,1120.985805,65.80327869,6.1,20.33333333,3.5,3.5,6.1,"['TCP','TLS','ARP','MDNS','STP']","['ARP','NBNS','UDP']",regular_traffic
144,2022-04-27 14:19,86,6,0.069767442,38,29,31,29,0.935483871,2964501,1128,2646,537,18,17,,,,,,0.763157895,0.006802721,0.000380502,0.202947846,0.006424792,,,1120.370748,62.66666667,3,9,1,1,3,"['TCP','TLS','ARP','STP','MDNS']","['ARP','UDP']",regular_traffic
145,2022-04-27 14:19,70,5,0.071428571,33,27,32,27,0.84375,2930080,1204,2604,555,19,18,,,,,,0.818181818,0.007296467,0.00041091,0.213133641,0.006912442,,,1125.222734,63.36842105,3.8,9.5,1,1,3.8,"['TCP','TLS','ARP','STP','MDNS']","['ARP','UDP']",regular_traffic
146,2022-04-27 14:20,63,6,0.095238095,31,26,30,27,0.9,2954634,1682,2727,536,27,26,,,,,,0.838709677,0.00990099,0.000569275,0.196552989,0.009534287,,,1083.474147,62.2962963,4.5,13.5,1,1,4.5,"['TCP','TLS','ARP','STP','UDP']","['ARP','UDP']",regular_traffic
147,2022-04-27 14:20,61,3,0.049180328,29,26,33,29,0.878787879,2940822,1018,2733,512,16,15,,,,,,0.896551724,0.005854372,0.000346162,0.18733992,0.005488474,,,1076.041712,63.625,5.333333333,8,1,1,5.333333333,"['TCP','TLS','ARP','STP','DNS']","['ARP','UDP']",regular_traffic
148,2022-04-27 14:21,80,4,0.05,31,29,38,36,0.947368421,2585985,770,2683,559,12,11,,,,,,0.935483871,0.004472605,0.000297759,0.208348863,0.004099888,,,963.8408498,64.16666667,3,6,1,1,3,"['TCP','TLS','QUIC','DNS','STP']","['ARP','UDP']",regular_traffic
149,2022-04-27 14:21,84,6,0.071428571,36,30,34,32,0.941176471,2977783,1434,2800,529,23,22,,,,,,0.833333333,0.008214286,0.000481566,0.188928571,0.007857143,,,1063.493929,62.34782609,3.833333333,11.5,1,1,3.833333333,"['TCP','TLS','ARP','STP','MDNS']","['ARP','UDP']",regular_traffic
150,2022-04-27 14:22,59,6,0.101694915,28,23,25,22,0.88,2983463,1292,2787,517,21,20,,,,,,0.821428571,0.007534984,0.000433054,0.185504126,0.007176175,,,1070.492644,61.52380952,3.5,10.5,1,1,3.5,"['TCP','TLS','ARP','STP','MDNS']","['ARP','UDP']",regular_traffic
151,2022-04-27 14:22,81,7,0.086419753,34,29,35,32,0.914285714,3010570,2466,3063,609,27,22,,,,,,0.852941176,0.008814887,0.000819114,0.198824682,0.007182501,,,982.8827946,91.33333333,3.857142857,13.5,2.5,2.5,3.857142857,"['TCP','TLS','ARP','STP','UDP']","['ARP','BROWSER','UDP']",regular_traffic
152,2022-04-27 14:23,67,7,0.104477612,32,26,43,40,0.930232558,2965382,1566,3033,551,26,25,,,,,,0.8125,0.008572371,0.000528094,0.181668315,0.008242664,,,977.7059017,60.23076923,3.714285714,13,1,1,3.714285714,"['TCP','TLS','DNS','ARP','STP']","['ARP','UDP']",regular_traffic
153,2022-04-27 14:23,104,10,0.096153846,43,36,53,48,0.905660377,3459991,2488,4428,1118,37,30,,,,,,0.837209302,0.008355917,0.000719077,0.252484192,0.006775068,,,781.3891147,67.24324324,3.7,12.33333333,3.5,3.5,3.7,"['TCP','TLS','DNS','ARP','STP']","['ARP','NBNS','UDP']",regular_traffic
154,2022-04-27 14:24,68,7,0.102941176,31,25,27,25,0.925925926,2949816,2388,2983,571,31,28,,,,,,0.806451613,0.010392223,0.000809542,0.191418036,0.009386524,,,988.8756286,77.03225806,4.428571429,15.5,1.5,1.5,4.428571429,"['TCP','TLS','ARP','STP','SCTP']","['ARP','BROWSER','UDP']",regular_traffic
155,2022-04-27 14:24,76,5,0.065789474,31,29,32,30,0.9375,3266583,1974,3304,623,32,31,,,,,,0.935483871,0.00968523,0.000604301,0.188559322,0.009382567,,,988.6752421,61.6875,6.4,16,1,1,6.4,"['TCP','TLS','ARP','STP','MDNS']","['ARP','UDP']",regular_traffic
156,2022-04-27 14:25,90,6,0.066666667,35,30,38,36,0.947368421,3791898,1310,3819,701,21,20,,,,,,0.857142857,0.005498822,0.000345473,0.183555905,0.005236973,,,992.9033778,62.38095238,3.5,10.5,1,1,3.5,"['TCP','TLS','ARP','STP','DNS']","['ARP','UDP']",regular_traffic
157,2022-04-27 14:25,71,6,0.084507042,36,28,28,26,0.928571429,3622230,1106,3476,587,18,17,,,,,,0.777777778,0.005178366,0.000305337,0.168872267,0.004890679,,,1042.06847,61.44444444,3,9,1,1,3,"['TCP','TLS','MDNS','ARP','STP']","['ARP','UDP']",regular_traffic
158,2022-04-27 14:26,73,6,0.082191781,31,25,33,31,0.939393939,3589267,1894,3602,668,31,30,,,,,,0.806451613,0.00860633,0.000527684,0.185452526,0.008328706,,,996.4650194,61.09677419,5.166666667,15.5,1,1,5.166666667,"['TCP','TLS','ARP','STP','DNS']","['ARP','UDP']",regular_traffic
159,2022-04-27 14:26,77,6,0.077922078,38,30,38,36,0.947368421,2906300,1496,2952,539,24,23,,,,,,0.789473684,0.008130081,0.000514744,0.182588076,0.007791328,,,984.5189702,62.33333333,4,12,1,1,4,"['TCP','TLS','DNS','ARP','STP']","['ARP','UDP']",regular_traffic
160,2022-04-27 14:27,71,5,0.070422535,31,25,29,27,0.931034483,4351105,858,4315,799,14,13,,,,,,0.806451613,0.003244496,0.000197191,0.185168019,0.003012746,,,1008.367323,61.28571429,2.8,7,1,1,2.8,"['TCP','TLS','STP','ARP','MDNS']","['ARP','UDP']",regular_traffic
161,2022-04-27 14:27,98,6,0.06122449,43,34,45,43,0.955555556,5136441,1328,5552,1213,21,20,,,,,,0.790697674,0.003782421,0.000258545,0.218479827,0.003602305,,,925.1514769,63.23809524,3.5,10.5,1,1,3.5,"['TCP','TLS','ARP','DNS','STP']","['ARP','UDP']",regular_traffic
162,2022-04-27 14:28,75,7,0.093333333,36,30,46,44,0.956521739,4952093,1854,5005,916,30,29,,,,,,0.833333333,0.005994006,0.000374387,0.183016983,0.005794206,,,989.4291708,61.8,4.285714286,15,1,1,4.285714286,"['TCP','TLS','QUIC','DNS','ARP']","['ARP','UDP']",regular_traffic
163,2022-04-27 14:28,83,9,0.108433735,38,31,39,37,0.948717949,5114928,2134,5142,969,31,24,,,,,,0.815789474,0.006028783,0.00041721,0.188448075,0.004667445,,,994.7351225,68.83870968,3.444444444,10.33333333,3.5,3.5,3.444444444,"['TCP','TLS','ARP','STP','DNS']","['ARP','NBNS','UDP']",regular_traffic
164,2022-04-27 14:29,58,6,0.103448276,28,24,23,21,0.913043478,5199886,1520,5062,919,24,23,,,,,,0.857142857,0.004741209,0.000292314,0.181548795,0.004543659,,,1027.239431,63.33333333,4,12,1,1,4,"['TCP','TLS','ARP','STP','UDP']","['ARP','UDP']",regular_traffic
165,2022-04-27 14:29,62,6,0.096774194,30,24,26,24,0.923076923,4135147,1496,4073,760,24,23,,,,,,0.8,0.005892463,0.000361777,0.186594648,0.005646943,,,1015.258286,62.33333333,4,12,1,1,4,"['TCP','TLS','ARP','STP','SCTP']","['ARP','UDP']",regular_traffic
166,2022-04-27 14:30,62,5,0.080645161,29,25,30,28,0.933333333,4809464,1044,4781,889,17,16,,,,,,0.862068966,0.003555741,0.000217072,0.185944363,0.00334658,,,1005.953566,61.41176471,3.4,8.5,1,1,3.4,"['TCP','TLS','ARP','STP','MDNS']","['ARP','UDP']",regular_traffic
167,2022-04-27 14:30,61,4,0.06557377,26,24,27,25,0.925925926,4531152,1390,4383,780,22,21,,,,,,0.923076923,0.005019393,0.000306765,0.177960301,0.004791239,,,1033.801506,63.18181818,5.5,11,1,1,5.5,"['TCP','TLS','ARP','STP','DNS']","['ARP','UDP']",regular_traffic
168,2022-04-27 14:31,86,5,0.058139535,36,34,54,52,0.962962963,4618221,2320,4742,945,37,36,,,,,,0.944444444,0.007802615,0.000502358,0.199283003,0.007591733,,,973.8973007,62.7027027,7.4,18.5,1,1,7.4,"['TCP','TLS','DNS','ARP','STP']","['ARP','UDP']",regular_traffic
169,2022-04-27 14:31,68,5,0.073529412,30,26,31,29,0.935483871,4607846,1230,4504,797,20,19,,,,,,0.866666667,0.004440497,0.000266936,0.176953819,0.004218472,,,1023.056394,61.5,4,10,1,1,4,"['TCP','TLS','ARP','STP','DNS']","['ARP','UDP']",regular_traffic
170,2022-04-27 14:32,62,3,0.048387097,28,26,27,25,0.925925926,4826514,1266,4725,868,20,19,,,,,,0.928571429,0.004232804,0.000262301,0.183703704,0.004021164,,,1021.484444,63.3,6.666666667,10,1,1,6.666666667,"['TCP','TLS','ARP','STP','UDP']","['ARP','UDP']",regular_traffic
171,2022-04-27 14:32,75,5,0.066666667,31,27,38,35,0.921052632,4705849,832,4757,894,13,12,,,,,,0.870967742,0.002732815,0.000176801,0.187933572,0.002522598,,,989.2472146,64,2.6,6.5,1,1,2.6,"['TCP','TLS','DNS','STP','ARP']","['ARP','UDP']",regular_traffic
172,2022-04-27 14:35,63,6,0.095238095,29,25,25,23,0.92,4708137,1310,4581,821,21,20,,,,,,0.862068966,0.004584152,0.000278242,0.179218511,0.004365859,,,1027.753111,62.38095238,3.5,10.5,1,1,3.5,"['TCP','TLS','ARP','STP','UDP']","['ARP','UDP']",regular_traffic
173,2022-04-27 14:36,64,2,0.03125,25,24,36,34,0.944444444,4472692,832,4402,772,13,12,,,,,,0.96,0.002953203,0.000186018,0.17537483,0.002726034,,,1016.059064,64,6.5,6.5,1,1,6.5,"['TCP','TLS','STP','DNS','ARP']","['ARP','UDP']",regular_traffic
174,2022-04-27 14:36,67,7,0.104477612,32,27,29,26,0.896551724,4586214,2072,4316,672,26,23,,,,,,0.84375,0.006024096,0.000451789,0.155699722,0.005329008,,,1062.607507,79.69230769,3.714285714,13,1.5,1.5,3.714285714,"['TCP','TLS','ARP','STP','MDNS']","['ARP','BROWSER','UDP']",regular_traffic
175,2022-04-27 14:37,56,6,0.107142857,27,22,24,22,0.916666667,5005422,1602,4650,712,26,25,,,,,,0.814814815,0.005591398,0.000320053,0.15311828,0.005376344,,,1076.434839,61.61538462,4.333333333,13,1,1,4.333333333,"['TCP','TLS','ARP','STP','UDP']","['ARP','UDP']",regular_traffic
176,2022-04-27 14:37,77,6,0.077922078,35,29,36,34,0.944444444,4893434,2984,4979,960,48,47,,,,,,0.828571429,0.00964049,0.000609797,0.192809801,0.009439647,,,982.8146214,62.16666667,8,24,1,1,8,"['TCP','TLS','ARP','STP','DNS']","['ARP','UDP']",regular_traffic
177,2022-04-27 14:38,68,6,0.088235294,30,26,43,40,0.930232558,4668784,858,4713,881,14,13,,,,,,0.866666667,0.002970507,0.000183774,0.186929769,0.002758328,,,990.6182898,61.28571429,2.333333333,7,1,1,2.333333333,"['TCP','TLS','DNS','STP','MDNS']","['ARP','UDP']",regular_traffic
178,2022-04-27 14:38,74,6,0.081081081,33,27,36,34,0.944444444,4390731,1372,4295,726,22,21,,,,,,0.818181818,0.005122235,0.000312476,0.16903376,0.004889406,,,1022.288941,62.36363636,3.666666667,11,1,1,3.666666667,"['TCP','TLS','ARP','DNS','STP']","['ARP','UDP']",regular_traffic
179,2022-04-27 14:39,64,9,0.140625,30,25,25,23,0.92,5256014,2240,5048,880,33,26,,,,,,0.833333333,0.006537242,0.000426178,0.174326466,0.005150555,,,1041.207211,67.87878788,3.666666667,11,3.5,3.5,3.666666667,"['TCP','TLS','ARP','STP','NBNS']","['ARP','NBNS','UDP']",regular_traffic
180,2022-04-27 14:39,60,6,0.1,27,22,24,22,0.916666667,4883785,1520,4725,836,24,23,,,,,,0.814814815,0.005079365,0.000311234,0.176931217,0.004867725,,,1033.605291,63.33333333,4,12,1,1,4,"['TCP','TLS','ARP','STP','SCTP']","['ARP','UDP']",regular_traffic
181,2022-04-27 14:40,88,6,0.068181818,36,31,40,38,0.95,4879814,1708,5096,893,28,27,,,,,,0.861111111,0.005494505,0.000350013,0.175235479,0.005298273,,,957.5773155,61,4.666666667,14,1,1,4.666666667,"['TCP','QUIC','TLS','ARP','DNS']","['ARP','UDP']",regular_traffic
182,2022-04-27 14:40,72,6,0.083333333,33,26,28,26,0.928571429,4979706,1602,4960,864,26,25,,,,,,0.787878788,0.005241935,0.000321706,0.174193548,0.005040323,,,1003.972984,61.61538462,4.333333333,13,1,1,4.333333333,"['TCP','TLS','ARP','STP','MDNS']",,regular_traffic
183,2022-04-29 15:42,133,8,0.060150376,47,45,78,79,1.012820513,5062728,2214,5139,896,33,27,,,,,,0.957446809,0.006421483,0.000437314,0.174352987,0.00525394,,,985.158202,67.09090909,4.125,11,6,6,4.125,"['UDP','TCP','GQUIC','TLS','ARP']","['ARP','NBNS']",regular_traffic
184,2022-04-29 15:43,92,5,0.054347826,33,27,31,32,1.032258065,4981704,1532,4381,501,25,25,,,,,,0.818181818,0.00570646,0.000307525,0.114357453,0.00570646,,,1137.115727,61.28,5,25,,,5,"['UDP','GQUIC','TCP','ARP','TLS']",['ARP'],regular_traffic
185,2022-04-29 15:43,130,6,0.046153846,47,42,50,47,0.94,5259781,2462,4661,578,33,31,,,,,,0.893617021,0.007080026,0.00046808,0.124007724,0.006650933,,,1128.466209,74.60606061,5.5,16.5,2,2,5.5,"['UDP','TCP','GQUIC','TLS','ARP']","['ARP','BROWSER']",regular_traffic
186,2022-04-29 15:44,82,4,0.048780488,37,30,34,30,0.882352941,4218830,1142,3700,413,19,19,,,,,,0.810810811,0.005135135,0.000270691,0.111621622,0.005135135,,,1140.224324,60.10526316,4.75,19,,,4.75,"['UDP','GQUIC','TCP','TLS','ARP']",['ARP'],regular_traffic
187,2022-04-29 15:44,83,5,0.060240964,34,29,31,28,0.903225806,5545632,1390,4955,587,23,23,,,,,,0.852941176,0.004641776,0.000250648,0.118466196,0.004641776,,,1119.199193,60.43478261,4.6,23,,,4.6,"['UDP','TCP','GQUIC','TLS','IP']",['ARP'],regular_traffic
188,2022-04-29 15:45,91,5,0.054945055,36,34,40,35,0.875,5078013,1408,4693,636,23,23,,,,,,0.944444444,0.004900916,0.000277274,0.135520989,0.004900916,,,1082.039847,61.2173913,4.6,23,,,4.6,"['UDP','TCP','GQUIC','TLS','IP']",['ARP'],regular_traffic
189,2022-04-29 15:45,85,7,0.082352941,36,35,49,34,0.693877551,5747321,6639,5215,755,84,44,,,,,,0.972222222,0.016107383,0.001155147,0.144774688,0.0084372,,,1102.074976,79.03571429,12,42,20,20,12,"['UDP','GQUIC','TCP','MDNS','ARP']","['ARP','NBNS','BROWSER']",regular_traffic
190,2022-04-29 15:46,72,6,0.083333333,33,29,44,41,0.931818182,4644998,1662,4051,442,24,18,,,,,,0.878787879,0.005924463,0.000357804,0.109108862,0.004443347,,,1146.629968,69.25,4,12,6,6,4,"['UDP','GQUIC','DNS','TCP','ARP']","['ARP','NBNS']",regular_traffic
191,2022-04-29 15:46,71,5,0.070422535,29,28,30,27,0.9,5388839,1370,4649,498,19,13,,,,,,0.965517241,0.0040869,0.000254229,0.107119811,0.0027963,,,1159.139385,72.10526316,3.8,9.5,6,6,3.8,"['UDP','GQUIC','TCP','TLS','STP']","['ARP','NBNS']",regular_traffic
192,2022-04-29 15:47,73,5,0.068493151,30,26,28,25,0.892857143,5341968,1080,4582,475,18,18,,,,,,0.866666667,0.003928416,0.000202173,0.103666521,0.003928416,,,1165.85945,60,3.6,18,,,3.6,"['UDP','GQUIC','TCP','ARP','STP']",['ARP'],regular_traffic
193,2022-04-29 15:47,63,7,0.111111111,31,24,23,21,0.913043478,4903677,2640,4203,427,32,24,,,,,,0.774193548,0.007613609,0.000538372,0.101594099,0.005710207,,,1166.708779,82.5,4.571428571,10.66666667,4,4,4.571428571,"['UDP','GQUIC','TCP','ARP','STP']","['ARP','NBNS','BROWSER']",regular_traffic
194,2022-04-29 15:48,70,7,0.1,31,27,54,27,0.5,4613242,7147,4206,614,89,49,,,,,,0.870967742,0.021160247,0.001549236,0.145981931,0.011650024,,,1096.824061,80.30337079,12.71428571,44.5,20,20,12.71428571,"['UDP','GQUIC','MDNS','ARP','LLMNR']","['ARP','NBNS','BROWSER']",regular_traffic
195,2022-04-29 15:48,56,5,0.089285714,26,21,38,19,0.5,4587482,4340,4086,568,54,23,,,,,,0.807692308,0.013215859,0.000946053,0.139011258,0.005628977,,,1122.731767,80.37037037,10.8,27,31,31,10.8,"['UDP','GQUIC','MDNS','NBNS','LLMNR']","['NBNS','ARP']",regular_traffic
196,2022-04-29 15:49,79,4,0.050632911,34,32,40,31,0.775,3982450,1602,3528,400,22,14,,,,,,0.941176471,0.006235828,0.000402265,0.113378685,0.003968254,,,1128.812358,72.81818182,5.5,11,8,8,5.5,"['UDP','GQUIC','TCP','SSDP','MDNS']","['ARP','NBNS']",regular_traffic
197,2022-04-29 15:49,61,4,0.06557377,26,21,22,19,0.863636364,5289050,1178,4435,393,19,19,,,,,,0.807692308,0.004284104,0.000222724,0.088613303,0.004284104,,,1192.570462,62,4.75,19,,,4.75,"['UDP','GQUIC','ARP','STP','TCP']",['ARP'],regular_traffic
198,2022-04-29 15:50,80,5,0.0625,33,32,38,30,0.789473684,3794029,1618,3440,433,23,17,,,,,,0.96969697,0.006686047,0.00042646,0.125872093,0.00494186,,,1102.915407,70.34782609,4.6,11.5,6,6,4.6,"['UDP','GQUIC','TCP','TLS','MDNS']","['ARP','NBNS']",regular_traffic
199,2022-04-29 15:50,77,4,0.051948052,29,30,39,31,0.794871795,4220508,2666,3776,453,34,16,,,,,,1.034482759,0.009004237,0.000631678,0.11996822,0.004237288,,,1117.71928,78.41176471,8.5,17,18,18,8.5,"['UDP','GQUIC','TCP','TLS','MDNS']","['NBNS','ARP']",regular_traffic
200,2022-04-29 15:51,78,8,0.102564103,35,32,58,43,0.74137931,4369623,7832,4200,682,92,46,,,,,,0.914285714,0.021904762,0.001792374,0.162380952,0.010952381,,,1040.386429,85.13043478,11.5,46,23,23,11.5,"['UDP','TCP','GQUIC','TLS','MDNS']","['ARP','NBNS','BROWSER']",regular_traffic
201,2022-04-29 15:51,70,5,0.071428571,30,29,30,28,0.933333333,4224631,1070,3701,427,16,13,,,,,,0.966666667,0.004323156,0.000253277,0.115374223,0.003512564,,,1141.483653,66.875,3.2,8,3,3,3.2,"['UDP','GQUIC','TCP','TLS','STP']","['ARP','NBNS']",regular_traffic
202,2022-04-29 15:52,79,7,0.088607595,35,30,36,29,0.805555556,4081198,2014,3656,478,29,20,,,,,,0.857142857,0.007932166,0.000493483,0.130743982,0.00547046,,,1116.301422,69.44827586,4.142857143,14.5,9,9,4.142857143,"['UDP','GQUIC','TCP','TLS','MDNS']","['ARP','NBNS']",regular_traffic
203,2022-04-29 15:52,65,8,0.123076923,31,27,26,24,0.923076923,4054843,2622,3614,440,32,24,,,,,,0.870967742,0.008854455,0.000646634,0.121748755,0.006640841,,,1121.982014,81.9375,4,10.66666667,4,4,4,"['UDP','GQUIC','TCP','ARP','STP']","['ARP','NBNS','BROWSER']",regular_traffic
204,2022-04-29 15:53,58,4,0.068965517,24,21,21,18,0.857142857,4105248,1142,3556,384,19,19,,,,,,0.875,0.005343082,0.000278181,0.107986502,0.005343082,,,1154.456693,60.10526316,4.75,19,,,4.75,"['UDP','GQUIC','TCP','ARP','TLS']",['ARP'],regular_traffic
205,2022-04-29 15:53,75,6,0.08,38,28,28,25,0.892857143,4155041,2026,3577,389,32,29,,,,,,0.736842105,0.008946044,0.0004876,0.108750349,0.008107353,,,1161.599385,63.3125,5.333333333,16,3,3,5.333333333,"['UDP','GQUIC','ARP','TCP','MDNS']","['ARP','NBNS']",regular_traffic
206,2022-04-29 15:54,78,7,0.08974359,32,30,33,28,0.848484848,4347879,3160,3945,526,50,47,,,,,,0.9375,0.012674271,0.000726791,0.133333333,0.011913815,,,1102.123954,63.2,7.142857143,25,3,3,7.142857143,"['UDP','GQUIC','TCP','ARP','STP']","['ARP','NBNS']",regular_traffic
207,2022-04-29 15:54,66,5,0.075757576,29,23,25,22,0.88,4116104,1452,3562,382,24,24,,,,,,0.793103448,0.006737788,0.000352761,0.107243122,0.006737788,,,1155.559798,60.5,4.8,24,,,4.8,"['UDP','GQUIC','TCP','ARP','STP']",['ARP'],regular_traffic
208,2022-04-29 15:55,64,4,0.0625,26,25,29,24,0.827586207,4143204,1494,3644,417,21,15,,,,,,0.961538462,0.005762898,0.00036059,0.114434687,0.004116356,,,1136.993414,71.14285714,5.25,10.5,6,6,5.25,"['UDP','GQUIC','TCP','TLS','MDNS']","['ARP','NBNS']",regular_traffic
209,2022-04-29 15:55,64,5,0.078125,29,25,31,28,0.903225806,4176765,1408,3585,370,23,23,,,,,,0.862068966,0.006415621,0.000337103,0.10320781,0.006415621,,,1165.066946,61.2173913,4.6,23,,,4.6,"['UDP','GQUIC','TCP','ARP','DNS']",['ARP'],regular_traffic
210,2022-04-29 16:56,72,9,0.125,35,29,49,46,0.93877551,4437121,8914,4074,536,72,30,33,,,,,0.828571429,0.017673049,0.00200896,0.131566028,0.00736377,0.458333333,,1089.131321,123.8055556,9,18,10.5,10.5,8,"['UDP','DNS','TCP','GQUIC','ARP']","['TCP','ARP','MYSQL','BROWSER']",sql_injection
212,2022-04-29 16:57,75,8,0.106666667,33,31,35,29,0.828571429,3296748,8043,2956,367,62,21,33,,,,,0.939393939,0.02097429,0.002439677,0.124154263,0.007104195,0.532258065,,1115.273342,129.7258065,7.75,15.5,10.25,10.25,7.75,"['UDP','GQUIC','TCP','ARP','STP']","['TCP','ARP','MYSQL','BROWSER']",sql_injection
213,2022-04-29 16:57,55,6,0.109090909,29,22,25,23,0.92,4462181,7852,3906,445,61,21,33,,,,,0.75862069,0.015616999,0.001759678,0.113927291,0.005376344,0.540983607,,1142.391449,128.7213115,10.16666667,20.33333333,13.33333333,13.33333333,10.16666667,"['UDP','GQUIC','TCP','ARP','STP']","['TCP','ARP','MYSQL']",sql_injection
214,2022-04-27 15:39,65,10,0.153846154,30,25,31,29,0.935483871,5318148,8812,5907,1342,74,28,31,,,,,0.833333333,0.01252751,0.001656968,0.227188082,0.004740139,0.418918919,,900.3128492,119.0810811,8.222222222,18.5,9.2,9.2,7.4,"['TCP','TLS','ARP','STP','MYSQL']","['TCP','ARP','MYSQL','NBNS','UDP']",sql_injection
215,2022-04-27 15:40,70,8,0.114285714,32,28,38,36,0.947368421,5050856,7768,5849,1419,60,21,31,,,,,0.875,0.010258164,0.001537957,0.242605574,0.003590357,0.516666667,,863.541802,129.4666667,7.5,15,9.75,9.75,7.5,"['TCP','TLS','ARP','STP','MYSQL']","['TCP','ARP','MYSQL','UDP']",sql_injection
216,2022-04-27 15:40,56,8,0.142857143,29,24,28,26,0.928571429,5188668,8166,5846,1380,67,28,31,,,,,0.827586207,0.011460828,0.001573814,0.236058844,0.0047896,0.462686567,,887.5586726,121.880597,8.375,16.75,9.75,9.75,8.375,"['TCP','TLS','ARP','STP','MYSQL']","['TCP','ARP','MYSQL','UDP']",sql_injection
217,2022-04-27 15:41,64,8,0.125,30,26,32,30,0.9375,4981339,7910,5642,1315,62,23,31,,,,,0.866666667,0.010989011,0.001587926,0.233073378,0.004076569,0.5,,882.9030486,127.5806452,7.75,15.5,9.75,9.75,7.75,"['TCP','TLS','ARP','STP','MYSQL']","['TCP','ARP','MYSQL','UDP']",sql_injection
218,2022-04-27 15:41,82,8,0.097560976,37,32,44,42,0.954545455,4611085,8202,5347,1281,67,28,31,,,,,0.864864865,0.012530391,0.001778757,0.239573593,0.005236581,0.462686567,,862.3686179,122.4179104,8.375,16.75,9.75,9.75,8.375,"['TCP','TLS','ARP','DNS','STP']","['TCP','ARP','MYSQL','UDP']",sql_injection
219,2022-04-27 15:42,66,7,0.106060606,31,27,32,29,0.90625,4985604,8324,5548,1256,68,29,31,,,,,0.870967742,0.012256669,0.001669607,0.226387888,0.005227109,0.455882353,,898.630858,122.4117647,9.714285714,17,9.75,9.75,9.714285714,"['TCP','TLS','ARP','STP','MDNS']","['TCP','ARP','MYSQL','UDP']",sql_injection
